,geo_id,geo_code,name,abbreviation
0,1496,county-10010000,เขตพระนคร,-
1,1497,county-10020000,เขตดุสิต,-
2,1498,county-10030000,เขตหนองจอก,-
3,1499,county-10040000,เขตบางรัก,-
4,1500,county-10050000,เขตบางเขน,-
5,1501,county-10060000,เขตบางกะปิ,-
6,1502,county-10070000,เขตปทุมวัน,-
7,1503,county-10080000,เขตป้อมปราบศัตรูพ่าย,-
8,1504,county-10090000,เขตพระโขนง,-
9,1505,county-10100000,เขตมีนบุรี,-
10,1506,county-10110000,เขตลาดกระบัง,-
11,1507,county-10120000,เขตยานนาวา,-
12,1508,county-10130000,เขตสัมพันธวงศ์,-
13,1509,county-10140000,เขตพญาไท,-
14,1510,county-10150000,เขตธนบุรี,-
15,1511,county-10160000,เขตบางกอกใหญ่,-
16,1512,county-10170000,เขตห้วยขวาง,-
17,1513,county-10180000,เขตคลองสาน,-
18,1514,county-10190000,เขตตลิ่งชัน,-
19,1515,county-10200000,เขตบางกอกน้อย,-
20,1516,county-10210000,เขตบางขุนเทียน,-
21,1517,county-10220000,เขตภาษีเจริญ,-
22,1518,county-10230000,เขตหนองแขม,-
23,1519,county-10240000,เขตราษฎร์บูรณะ,-
24,1520,county-10250000,เขตบางพลัด,-
25,1521,county-10260000,เขตดินแดง,-
26,1522,county-10270000,เขตบึงกุ่ม,-
27,1523,county-10280000,เขตสาทร,-
28,1524,county-10290000,เขตบางซื่อ,-
29,1525,county-10300000,เขตจตุจักร,-
30,1526,county-10310000,เขตบางคอแหลม,-
31,1527,county-10320000,เขตประเวศ,-
32,1528,county-10330000,เขตคลองเตย,-
33,1529,county-10340000,เขตสวนหลวง,-
34,1530,county-10350000,เขตจอมทอง,-
35,1531,county-10360000,เขตดอนเมือง,-
36,1532,county-10370000,เขตราชเทวี,-
37,1533,county-10380000,เขตลาดพร้าว,-
38,1534,county-10390000,เขตวัฒนา,-
39,1535,county-10400000,เขตบางแค,-
40,1536,county-10410000,เขตหลักสี่,-
41,1537,county-10420000,เขตสายไหม,-
42,1538,county-10430000,เขตคันนายาว,-
43,1539,county-10440000,เขตสะพานสูง,-
44,1540,county-10450000,เขตวังทองหลาง,-
45,1541,county-10460000,เขตคลองสามวา,-
46,1542,county-10470000,เขตบางนา,-
47,1543,county-10480000,เขตทวีวัฒนา,-
48,1544,county-10490000,เขตทุ่งครุ,-
49,1545,county-10500000,เขตบางบอน,-
50,1546,county-11010000,เมืองสมุทรปราการ,-
51,1547,county-11020000,บางบ่อ,-
52,1548,county-11030000,บางพลี,-
53,1549,county-11040000,พระประแดง,-
54,1550,county-11050000,พระสมุทรเจดีย์,-
55,1551,county-11060000,บางเสาธง,-
56,1552,county-12010000,เมืองนนทบุรี,-
57,1553,county-12020000,บางกรวย,-
58,1554,county-12030000,บางใหญ่,-
59,1555,county-12040000,บางบัวทอง,-
60,1556,county-12050000,ไทรน้อย,-
61,1557,county-12060000,ปากเกร็ด,-
62,1558,county-13010000,เมืองปทุมธานี,-
63,1559,county-13020000,คลองหลวง,-
64,1560,county-13030000,ธัญบุรี,-
65,1561,county-13040000,หนองเสือ,-
66,1562,county-13050000,ลาดหลุมแก้ว,-
67,1563,county-13060000,ลำลูกกา,-
68,1564,county-13070000,สามโคก,-
69,1565,county-14010000,พระนครศรีอยุธยา,-
70,1566,county-14020000,ท่าเรือ,-
71,1567,county-14030000,นครหลวง,-
72,1568,county-14040000,บางไทร,-
73,1569,county-14050000,บางบาล,-
74,1570,county-14060000,บางปะอิน,-
75,1571,county-14070000,บางปะหัน,-
76,1572,county-14080000,ผักไห่,-
77,1573,county-14090000,ภาชี,-
78,1574,county-14100000,ลาดบัวหลวง,-
79,1575,county-14110000,วังน้อย,-
80,1576,county-14120000,เสนา,-
81,1577,county-14130000,บางซ้าย,-
82,1578,county-14140000,อุทัย,-
83,1579,county-14150000,มหาราช,-
84,1580,county-14160000,บ้านแพรก,-
85,1581,county-15010000,เมืองอ่างทอง,-
86,1582,county-15020000,ไชโย,-
87,1583,county-15030000,ป่าโมก,-
88,1584,county-15040000,โพธิ์ทอง,-
89,1585,county-15050000,แสวงหา,-
90,1586,county-15060000,วิเศษชัยชาญ,-
91,1587,county-15070000,สามโก้,-
92,1588,county-16010000,เมืองลพบุรี,-
93,1589,county-16020000,พัฒนานิคม,-
94,1590,county-16030000,โคกสำโรง,-
95,1591,county-16040000,ชัยบาดาล,-
96,1592,county-16050000,ท่าวุ้ง,-
97,1593,county-16060000,บ้านหมี่,-
98,1594,county-16070000,ท่าหลวง,-
99,1595,county-16080000,สระโบสถ์,-
100,1596,county-16090000,โคกเจริญ,-
101,1597,county-16100000,ลำสนธิ,-
102,1598,county-16110000,หนองม่วง,-
103,1599,county-17010000,เมืองสิงห์บุรี,-
104,1600,county-17020000,บางระจัน,-
105,1601,county-17030000,ค่ายบางระจัน,-
106,1602,county-17040000,พรหมบุรี,-
107,1603,county-17050000,ท่าช้าง,-
108,1604,county-17060000,อินทร์บุรี,-
109,1605,county-18010000,เมืองชัยนาท,-
110,1606,county-18020000,มโนรมย์,-
111,1607,county-18030000,วัดสิงห์,-
112,1608,county-18040000,สรรพยา,-
113,1609,county-18050000,สรรคบุรี,-
114,1610,county-18060000,หันคา,-
115,1611,county-18070000,หนองมะโมง,-
116,1612,county-18080000,เนินขาม,-
117,1613,county-19010000,เมืองสระบุรี,-
118,1614,county-19020000,แก่งคอย,-
119,1615,county-19030000,หนองแค,-
120,1616,county-19040000,วิหารแดง,-
121,1617,county-19050000,หนองแซง,-
122,1618,county-19060000,บ้านหมอ,-
123,1619,county-19070000,ดอนพุด,-
124,1620,county-19080000,หนองโดน,-
125,1621,county-19090000,พระพุทธบาท,-
126,1622,county-19100000,เสาไห้,-
127,1623,county-19110000,มวกเหล็ก,-
128,1624,county-19120000,วังม่วง,-
129,1625,county-19130000,เฉลิมพระเกียรติ,-
130,1626,county-20010000,เมืองชลบุรี,-
131,1627,county-20020000,บ้านบึง,-
132,1628,county-20030000,หนองใหญ่,-
133,1629,county-20040000,บางละมุง,-
134,1630,county-20050000,พานทอง,-
135,1631,county-20060000,พนัสนิคม,-
136,1632,county-20070000,ศรีราชา,-
137,1633,county-20080000,เกาะสีชัง,-
138,1634,county-20090000,สัตหีบ,-
139,1635,county-20100000,บ่อทอง,-
140,1636,county-20110000,เกาะจันทร์,-
141,1637,county-21010000,เมืองระยอง,-
142,1638,county-21020000,บ้านฉาง,-
143,1639,county-21030000,แกลง,-
144,1640,county-21040000,วังจันทร์,-
145,1641,county-21050000,บ้านค่าย,-
146,1642,county-21060000,ปลวกแดง,-
147,1643,county-21070000,เขาชะเมา,-
148,1644,county-21080000,นิคมพัฒนา,-
149,1645,county-22010000,เมืองจันทบุรี,-
150,1646,county-22020000,ขลุง,-
151,1647,county-22030000,ท่าใหม่,-
152,1648,county-22040000,โป่งน้ำร้อน,-
153,1649,county-22050000,มะขาม,-
154,1650,county-22060000,แหลมสิงห์,-
155,1651,county-22070000,สอยดาว,-
156,1652,county-22080000,แก่งหางแมว,-
157,1653,county-22090000,นายายอาม,-
158,1654,county-22100000,เขาคิชฌกูฏ,-
159,1655,county-23010000,เมืองตราด,-
160,1656,county-23020000,คลองใหญ่,-
161,1657,county-23030000,เขาสมิง,-
162,1658,county-23040000,บ่อไร่,-
163,1659,county-23050000,แหลมงอบ,-
164,1660,county-23060000,เกาะกูด,-
165,1661,county-23070000,เกาะช้าง,-
166,1662,county-24010000,เมืองฉะเชิงเทรา,-
167,1663,county-24020000,บางคล้า,-
168,1664,county-24030000,บางน้ำเปรี้ยว,-
169,1665,county-24040000,บางปะกง,-
170,1666,county-24050000,บ้านโพธิ์,-
171,1667,county-24060000,พนมสารคาม,-
172,1668,county-24070000,ราชสาส์น,-
173,1669,county-24080000,สนามชัยเขต,-
174,1670,county-24090000,แปลงยาว,-
175,1671,county-24100000,ท่าตะเกียบ,-
176,1672,county-24110000,คลองเขื่อน,-
177,1673,county-25010000,เมืองปราจีนบุรี,-
178,1674,county-25020000,กบินทร์บุรี,-
179,1675,county-25030000,นาดี,-
180,1676,county-25060000,บ้านสร้าง,-
181,1677,county-25070000,ประจันตคาม,-
182,1678,county-25080000,ศรีมหาโพธิ,-
183,1679,county-25090000,ศรีมโหสถ,-
184,1680,county-26010000,เมืองนครนายก,-
185,1681,county-26020000,ปากพลี,-
186,1682,county-26030000,บ้านนา,-
187,1683,county-26040000,องครักษ์,-
188,1684,county-27010000,เมืองสระแก้ว,-
189,1685,county-27020000,คลองหาด,-
190,1686,county-27030000,ตาพระยา,-
191,1687,county-27040000,วังน้ำเย็น,-
192,1688,county-27050000,วัฒนานคร,-
193,1689,county-27060000,อรัญประเทศ,-
194,1690,county-27070000,เขาฉกรรจ์,-
195,1691,county-27080000,โคกสูง,-
196,1692,county-27090000,วังสมบูรณ์,-
197,1693,county-30010000,เมืองนครราชสีมา,-
198,1694,county-30020000,ครบุรี,-
199,1695,county-30030000,เสิงสาง,-
200,1696,county-30040000,คง,-
201,1697,county-30050000,บ้านเหลื่อม,-
202,1698,county-30060000,จักราช,-
203,1699,county-30070000,โชคชัย,-
204,1700,county-30080000,ด่านขุนทด,-
205,1701,county-30090000,โนนไทย,-
206,1702,county-30100000,โนนสูง,-
207,1703,county-30110000,ขามสะแกแสง,-
208,1704,county-30120000,บัวใหญ่,-
209,1705,county-30130000,ประทาย,-
210,1706,county-30140000,ปักธงชัย,-
211,1707,county-30150000,พิมาย,-
212,1708,county-30160000,ห้วยแถลง,-
213,1709,county-30170000,ชุมพวง,-
214,1710,county-30180000,สูงเนิน,-
215,1711,county-30190000,ขามทะเลสอ,-
216,1712,county-30200000,สีคิ้ว,-
217,1713,county-30210000,ปากช่อง,-
218,1714,county-30220000,หนองบุญมาก,-
219,1715,county-30230000,แก้งสนามนาง,-
220,1716,county-30240000,โนนแดง,-
221,1717,county-30250000,วังน้ำเขียว,-
222,1718,county-30260000,เทพารักษ์,-
223,1719,county-30270000,เมืองยาง,-
224,1720,county-30280000,พระทองคำ,-
225,1721,county-30290000,ลำทะเมนชัย,-
226,1722,county-30300000,บัวลาย,-
227,1723,county-30310000,สีดา,-
228,1724,county-30320000,เฉลิมพระเกียรติ,-
229,1725,county-31010000,เมืองบุรีรัมย์,-
230,1726,county-31020000,คูเมือง,-
231,1727,county-31030000,กระสัง,-
232,1728,county-31040000,นางรอง,-
233,1729,county-31050000,หนองกี่,-
234,1730,county-31060000,ละหานทราย,-
235,1731,county-31070000,ประโคนชัย,-
236,1732,county-31080000,บ้านกรวด,-
237,1733,county-31090000,พุทไธสง,-
238,1734,county-31100000,ลำปลายมาศ,-
239,1735,county-31110000,สตึก,-
240,1736,county-31120000,ปะคำ,-
241,1737,county-31130000,นาโพธิ์,-
242,1738,county-31140000,หนองหงส์,-
243,1739,county-31150000,พลับพลาชัย,-
244,1740,county-31160000,ห้วยราช,-
245,1741,county-31170000,โนนสุวรรณ,-
246,1742,county-31180000,ชำนิ,-
247,1743,county-31190000,บ้านใหม่ไชยพจน์,-
248,1744,county-31200000,โนนดินแดง,-
249,1745,county-31210000,บ้านด่าน,-
250,1746,county-31220000,แคนดง,-
251,1747,county-31230000,เฉลิมพระเกียรติ,-
252,1748,county-32010000,เมืองสุรินทร์,-
253,1749,county-32020000,ชุมพลบุรี,-
254,1750,county-32030000,ท่าตูม,-
255,1751,county-32040000,จอมพระ,-
256,1752,county-32050000,ปราสาท,-
257,1753,county-32060000,กาบเชิง,-
258,1754,county-32070000,รัตนบุรี,-
259,1755,county-32080000,สนม,-
260,1756,county-32090000,ศีขรภูมิ,-
261,1757,county-32100000,สังขะ,-
262,1758,county-32110000,ลำดวน,-
263,1759,county-32120000,สำโรงทาบ,-
264,1760,county-32130000,บัวเชด,-
265,1761,county-32140000,พนมดงรัก,-
266,1762,county-32150000,ศรีณรงค์,-
267,1763,county-32160000,เขวาสินรินทร์,-
268,1764,county-32170000,โนนนารายณ์,-
269,1765,county-33010000,เมืองศรีสะเกษ,-
270,1766,county-33020000,ยางชุมน้อย,-
271,1767,county-33030000,กันทรารมย์,-
272,1768,county-33040000,กันทรลักษ์,-
273,1769,county-33050000,ขุขันธ์,-
274,1770,county-33060000,ไพรบึง,-
275,1771,county-33070000,ปรางค์กู่,-
276,1772,county-33080000,ขุนหาญ,-
277,1773,county-33090000,ราษีไศล,-
278,1774,county-33100000,อุทุมพรพิสัย,-
279,1775,county-33110000,บึงบูรพ์,-
280,1776,county-33120000,ห้วยทับทัน,-
281,1777,county-33130000,โนนคูณ,-
282,1778,county-33140000,ศรีรัตนะ,-
283,1779,county-33150000,น้ำเกลี้ยง,-
284,1780,county-33160000,วังหิน,-
285,1781,county-33170000,ภูสิงห์,-
286,1782,county-33180000,เมืองจันทร์,-
287,1783,county-33190000,เบญจลักษ์,-
288,1784,county-33200000,พยุห์,-
289,1785,county-33210000,โพธิ์ศรีสุวรรณ,-
290,1786,county-33220000,ศิลาลาด,-
291,1787,county-34010000,เมืองอุบลราชธานี,-
292,1788,county-34020000,ศรีเมืองใหม่,-
293,1789,county-34030000,โขงเจียม,-
294,1790,county-34040000,เขื่องใน,-
295,1791,county-34050000,เขมราฐ,-
296,1792,county-34070000,เดชอุดม,-
297,1793,county-34080000,นาจะหลวย,-
298,1794,county-34090000,น้ำยืน,-
299,1795,county-34100000,บุณฑริก,-
300,1796,county-34110000,ตระการพืชผล,-
301,1797,county-34120000,กุดข้าวปุ้น,-
302,1798,county-34140000,ม่วงสามสิบ,-
303,1799,county-34150000,วารินชำราบ,-
304,1800,county-34190000,พิบูลมังสาหาร,-
305,1801,county-34200000,ตาลสุม,-
306,1802,county-34210000,โพธิ์ไทร,-
307,1803,county-34220000,สำโรง,-
308,1804,county-34240000,ดอนมดแดง,-
309,1805,county-34250000,สิรินธร,-
310,1806,county-34260000,ทุ่งศรีอุดม,-
311,1807,county-34290000,นาเยีย,-
312,1808,county-34300000,นาตาล,-
313,1809,county-34310000,เหล่าเสือโก้ก,-
314,1810,county-34320000,สว่างวีระวงศ์,-
315,1811,county-34330000,น้ำขุ่น,-
316,1812,county-35010000,เมืองยโสธร,-
317,1813,county-35020000,ทรายมูล,-
318,1814,county-35030000,กุดชุม,-
319,1815,county-35040000,คำเขื่อนแก้ว,-
320,1816,county-35050000,ป่าติ้ว,-
321,1817,county-35060000,มหาชนะชัย,-
322,1818,county-35070000,ค้อวัง,-
323,1819,county-35080000,เลิงนกทา,-
324,1820,county-35090000,ไทยเจริญ,-
325,1821,county-36010000,เมืองชัยภูมิ,-
326,1822,county-36020000,บ้านเขว้า,-
327,1823,county-36030000,คอนสวรรค์,-
328,1824,county-36040000,เกษตรสมบูรณ์,-
329,1825,county-36050000,หนองบัวแดง,-
330,1826,county-36060000,จัตุรัส,-
331,1827,county-36070000,บำเหน็จณรงค์,-
332,1828,county-36080000,หนองบัวระเหว,-
333,1829,county-36090000,เทพสถิต,-
334,1830,county-36100000,ภูเขียว,-
335,1831,county-36110000,บ้านแท่น,-
336,1832,county-36120000,แก้งคร้อ,-
337,1833,county-36130000,คอนสาร,-
338,1834,county-36140000,ภักดีชุมพล,-
339,1835,county-36150000,เนินสง่า,-
340,1836,county-36160000,ซับใหญ่,-
341,1837,county-37010000,เมืองอำนาจเจริญ,-
342,1838,county-37020000,ชานุมาน,-
343,1839,county-37030000,ปทุมราชวงศา,-
344,1840,county-37040000,พนา,-
345,1841,county-37050000,เสนางคนิคม,-
346,1842,county-37060000,หัวตะพาน,-
347,1843,county-37070000,ลืออำนาจ,-
348,1844,county-38010000,เมืองบึงกาฬ,-
349,1845,county-38020000,พรเจริญ,-
350,1846,county-38030000,โซ่พิสัย,-
351,1847,county-38040000,เซกา,-
352,1848,county-38050000,ปากคาด,-
353,1849,county-38060000,บึงโขงหลง,-
354,1850,county-38070000,ศรีวิไล,-
355,1851,county-38080000,บุ่งคล้า,-
356,1852,county-39010000,เมืองหนองบัวลำภู,-
357,1853,county-39020000,นากลาง,-
358,1854,county-39030000,โนนสัง,-
359,1855,county-39040000,ศรีบุญเรือง,-
360,1856,county-39050000,สุวรรณคูหา,-
361,1857,county-39060000,นาวัง,-
362,1858,county-40010000,เมืองขอนแก่น,-
363,1859,county-40020000,บ้านฝาง,-
364,1860,county-40030000,พระยืน,-
365,1861,county-40040000,หนองเรือ,-
366,1862,county-40050000,ชุมแพ,-
367,1863,county-40060000,สีชมพู,-
368,1864,county-40070000,น้ำพอง,-
369,1865,county-40080000,อุบลรัตน์,-
370,1866,county-40090000,กระนวน,-
371,1867,county-40100000,บ้านไผ่,-
372,1868,county-40110000,เปือยน้อย,-
373,1869,county-40120000,พล,-
374,1870,county-40130000,แวงใหญ่,-
375,1871,county-40140000,แวงน้อย,-
376,1872,county-40150000,หนองสองห้อง,-
377,1873,county-40160000,ภูเวียง,-
378,1874,county-40170000,มัญจาคีรี,-
379,1875,county-40180000,ชนบท,-
380,1876,county-40190000,เขาสวนกวาง,-
381,1877,county-40200000,ภูผาม่าน,-
382,1878,county-40210000,ซำสูง,-
383,1879,county-40220000,โคกโพธิ์ไชย,-
384,1880,county-40230000,หนองนาคำ,-
385,1881,county-40240000,บ้านแฮด,-
386,1882,county-40250000,โนนศิลา,-
387,1883,county-40290000,เวียงเก่า,-
388,1884,county-41010000,เมืองอุดรธานี,-
389,1885,county-41020000,กุดจับ,-
390,1886,county-41030000,หนองวัวซอ,-
391,1887,county-41040000,กุมภวาปี,-
392,1888,county-41050000,โนนสะอาด,-
393,1889,county-41060000,หนองหาน,-
394,1890,county-41070000,ทุ่งฝน,-
395,1891,county-41080000,ไชยวาน,-
396,1892,county-41090000,ศรีธาตุ,-
397,1893,county-41100000,วังสามหมอ,-
398,1894,county-41110000,บ้านดุง,-
399,1895,county-41170000,บ้านผือ,-
400,1896,county-41180000,น้ำโสม,-
401,1897,county-41190000,เพ็ญ,-
402,1898,county-41200000,สร้างคอม,-
403,1899,county-41210000,หนองแสง,-
404,1900,county-41220000,นายูง,-
405,1901,county-41230000,พิบูลย์รักษ์,-
406,1902,county-41240000,กู่แก้ว,-
407,1903,county-41250000,ประจักษ์ศิลปาคม,-
408,1904,county-42010000,เมืองเลย,-
409,1905,county-42020000,นาด้วง,-
410,1906,county-42030000,เชียงคาน,-
411,1907,county-42040000,ปากชม,-
412,1908,county-42050000,ด่านซ้าย,-
413,1909,county-42060000,นาแห้ว,-
414,1910,county-42070000,ภูเรือ,-
415,1911,county-42080000,ท่าลี่,-
416,1912,county-42090000,วังสะพุง,-
417,1913,county-42100000,ภูกระดึง,-
418,1914,county-42110000,ภูหลวง,-
419,1915,county-42120000,ผาขาว,-
420,1916,county-42130000,เอราวัณ,-
421,1917,county-42140000,หนองหิน,-
422,1918,county-43010000,เมืองหนองคาย,-
423,1919,county-43020000,ท่าบ่อ,-
424,1920,county-43050000,โพนพิสัย,-
425,1921,county-43070000,ศรีเชียงใหม่,-
426,1922,county-43080000,สังคม,-
427,1923,county-43140000,สระใคร,-
428,1924,county-43150000,เฝ้าไร่,-
429,1925,county-43160000,รัตนวาปี,-
430,1926,county-43170000,โพธิ์ตาก,-
431,1927,county-44010000,เมืองมหาสารคาม,-
432,1928,county-44020000,แกดำ,-
433,1929,county-44030000,โกสุมพิสัย,-
434,1930,county-44040000,กันทรวิชัย,-
435,1931,county-44050000,เชียงยืน,-
436,1932,county-44060000,บรบือ,-
437,1933,county-44070000,นาเชือก,-
438,1934,county-44080000,พยัคฆภูมิพิสัย,-
439,1935,county-44090000,วาปีปทุม,-
440,1936,county-44100000,นาดูน,-
441,1937,county-44110000,ยางสีสุราช,-
442,1938,county-44120000,กุดรัง,-
443,1939,county-44130000,ชื่นชม,-
444,1940,county-45010000,เมืองร้อยเอ็ด,-
445,1941,county-45020000,เกษตรวิสัย,-
446,1942,county-45030000,ปทุมรัตต์,-
447,1943,county-45040000,จตุรพักตรพิมาน,-
448,1944,county-45050000,ธวัชบุรี,-
449,1945,county-45060000,พนมไพร,-
450,1946,county-45070000,โพนทอง,-
451,1947,county-45080000,โพธิ์ชัย,-
452,1948,county-45090000,หนองพอก,-
453,1949,county-45100000,เสลภูมิ,-
454,1950,county-45110000,สุวรรณภูมิ,-
455,1951,county-45120000,เมืองสรวง,-
456,1952,county-45130000,โพนทราย,-
457,1953,county-45140000,อาจสามารถ,-
458,1954,county-45150000,เมยวดี,-
459,1955,county-45160000,ศรีสมเด็จ,-
460,1956,county-45170000,จังหาร,-
461,1957,county-45180000,เชียงขวัญ,-
462,1958,county-45190000,หนองฮี,-
463,1959,county-45200000,ทุ่งเขาหลวง,-
464,1960,county-46010000,เมืองกาฬสินธุ์,-
465,1961,county-46020000,นามน,-
466,1962,county-46030000,กมลาไสย,-
467,1963,county-46040000,ร่องคำ,-
468,1964,county-46050000,กุฉินารายณ์,-
469,1965,county-46060000,เขาวง,-
470,1966,county-46070000,ยางตลาด,-
471,1967,county-46080000,ห้วยเม็ก,-
472,1968,county-46090000,สหัสขันธ์,-
473,1969,county-46100000,คำม่วง,-
474,1970,county-46110000,ท่าคันโท,-
475,1971,county-46120000,หนองกุงศรี,-
476,1972,county-46130000,สมเด็จ,-
477,1973,county-46140000,ห้วยผึ้ง,-
478,1974,county-46150000,สามชัย,-
479,1975,county-46160000,นาคู,-
480,1976,county-46170000,ดอนจาน,-
481,1977,county-46180000,ฆ้องชัย,-
482,1978,county-47010000,เมืองสกลนคร,-
483,1979,county-47020000,กุสุมาลย์,-
484,1980,county-47030000,กุดบาก,-
485,1981,county-47040000,พรรณานิคม,-
486,1982,county-47050000,พังโคน,-
487,1983,county-47060000,วาริชภูมิ,-
488,1984,county-47070000,นิคมน้ำอูน,-
489,1985,county-47080000,วานรนิวาส,-
490,1986,county-47090000,คำตากล้า,-
491,1987,county-47100000,บ้านม่วง,-
492,1988,county-47110000,อากาศอำนวย,-
493,1989,county-47120000,สว่างแดนดิน,-
494,1990,county-47130000,ส่องดาว,-
495,1991,county-47140000,เต่างอย,-
496,1992,county-47150000,โคกศรีสุพรรณ,-
497,1993,county-47160000,เจริญศิลป์,-
498,1994,county-47170000,โพนนาแก้ว,-
499,1995,county-47180000,ภูพาน,-
500,1996,county-48010000,เมืองนครพนม,-
501,1997,county-48020000,ปลาปาก,-
502,1998,county-48030000,ท่าอุเทน,-
503,1999,county-48040000,บ้านแพง,-
504,2000,county-48050000,ธาตุพนม,-
505,2001,county-48060000,เรณูนคร,-
506,2002,county-48070000,นาแก,-
507,2003,county-48080000,ศรีสงคราม,-
508,2004,county-48090000,นาหว้า,-
509,2005,county-48100000,โพนสวรรค์,-
510,2006,county-48110000,นาทม,-
511,2007,county-48120000,วังยาง,-
512,2008,county-49010000,เมืองมุกดาหาร,-
513,2009,county-49020000,นิคมคำสร้อย,-
514,2010,county-49030000,ดอนตาล,-
515,2011,county-49040000,ดงหลวง,-
516,2012,county-49050000,คำชะอี,-
517,2013,county-49060000,หว้านใหญ่,-
518,2014,county-49070000,หนองสูง,-
519,2015,county-50010000,เมืองเชียงใหม่,-
520,2016,county-50020000,จอมทอง,-
521,2017,county-50030000,แม่แจ่ม,-
522,2018,county-50040000,เชียงดาว,-
523,2019,county-50050000,ดอยสะเก็ด,-
524,2020,county-50060000,แม่แตง,-
525,2021,county-50070000,แม่ริม,-
526,2022,county-50080000,สะเมิง,-
527,2023,county-50090000,ฝาง,-
528,2024,county-50100000,แม่อาย,-
529,2025,county-50110000,พร้าว,-
530,2026,county-50120000,สันป่าตอง,-
531,2027,county-50130000,สันกำแพง,-
532,2028,county-50140000,สันทราย,-
533,2029,county-50150000,หางดง,-
534,2030,county-50160000,ฮอด,-
535,2031,county-50170000,ดอยเต่า,-
536,2032,county-50180000,อมก๋อย,-
537,2033,county-50190000,สารภี,-
538,2034,county-50200000,เวียงแหง,-
539,2035,county-50210000,ไชยปราการ,-
540,2036,county-50220000,แม่วาง,-
541,2037,county-50230000,แม่ออน,-
542,2038,county-50240000,ดอยหล่อ,-
543,2039,county-50250000,กัลยาณิวัฒนา,-
544,2040,county-51010000,เมืองลำพูน,-
545,2041,county-51020000,แม่ทา,-
546,2042,county-51030000,บ้านโฮ่ง,-
547,2043,county-51040000,ลี้,-
548,2044,county-51050000,ทุ่งหัวช้าง,-
549,2045,county-51060000,ป่าซาง,-
550,2046,county-51070000,บ้านธิ,-
551,2047,county-51080000,เวียงหนองล่อง,-
552,2048,county-52010000,เมืองลำปาง,-
553,2049,county-52020000,แม่เมาะ,-
554,2050,county-52030000,เกาะคา,-
555,2051,county-52040000,เสริมงาม,-
556,2052,county-52050000,งาว,-
557,2053,county-52060000,แจ้ห่ม,-
558,2054,county-52070000,วังเหนือ,-
559,2055,county-52080000,เถิน,-
560,2056,county-52090000,แม่พริก,-
561,2057,county-52100000,แม่ทะ,-
562,2058,county-52110000,สบปราบ,-
563,2059,county-52120000,ห้างฉัตร,-
564,2060,county-52130000,เมืองปาน,-
565,2061,county-53010000,เมืองอุตรดิตถ์,-
566,2062,county-53020000,ตรอน,-
567,2063,county-53030000,ท่าปลา,-
568,2064,county-53040000,น้ำปาด,-
569,2065,county-53050000,ฟากท่า,-
570,2066,county-53060000,บ้านโคก,-
571,2067,county-53070000,พิชัย,-
572,2068,county-53080000,ลับแล,-
573,2069,county-53090000,ทองแสนขัน,-
574,2070,county-54010000,เมืองแพร่,-
575,2071,county-54020000,ร้องกวาง,-
576,2072,county-54030000,ลอง,-
577,2073,county-54040000,สูงเม่น,-
578,2074,county-54050000,เด่นชัย,-
579,2075,county-54060000,สอง,-
580,2076,county-54070000,วังชิ้น,-
581,2077,county-54080000,หนองม่วงไข่,-
582,2078,county-55010000,เมืองน่าน,-
583,2079,county-55020000,แม่จริม,-
584,2080,county-55030000,บ้านหลวง,-
585,2081,county-55040000,นาน้อย,-
586,2082,county-55050000,ปัว,-
587,2083,county-55060000,ท่าวังผา,-
588,2084,county-55070000,เวียงสา,-
589,2085,county-55080000,ทุ่งช้าง,-
590,2086,county-55090000,เชียงกลาง,-
591,2087,county-55100000,นาหมื่น,-
592,2088,county-55110000,สันติสุข,-
593,2089,county-55120000,บ่อเกลือ,-
594,2090,county-55130000,สองแคว,-
595,2091,county-55140000,ภูเพียง,-
596,2092,county-55150000,เฉลิมพระเกียรติ,-
597,2093,county-56010000,เมืองพะเยา,-
598,2094,county-56020000,จุน,-
599,2095,county-56030000,เชียงคำ,-
600,2096,county-56040000,เชียงม่วน,-
601,2097,county-56050000,ดอกคำใต้,-
602,2098,county-56060000,ปง,-
603,2099,county-56070000,แม่ใจ,-
604,2100,county-56080000,ภูซาง,-
605,2101,county-56090000,ภูกามยาว,-
606,2102,county-57010000,เมืองเชียงราย,-
607,2103,county-57020000,เวียงชัย,-
608,2104,county-57030000,เชียงของ,-
609,2105,county-57040000,เทิง,-
610,2106,county-57050000,พาน,-
611,2107,county-57060000,ป่าแดด,-
612,2108,county-57070000,แม่จัน,-
613,2109,county-57080000,เชียงแสน,-
614,2110,county-57090000,แม่สาย,-
615,2111,county-57100000,แม่สรวย,-
616,2112,county-57110000,เวียงป่าเป้า,-
617,2113,county-57120000,พญาเม็งราย,-
618,2114,county-57130000,เวียงแก่น,-
619,2115,county-57140000,ขุนตาล,-
620,2116,county-57150000,แม่ฟ้าหลวง,-
621,2117,county-57160000,แม่ลาว,-
622,2118,county-57170000,เวียงเชียงรุ้ง,-
623,2119,county-57180000,ดอยหลวง,-
624,2120,county-58010000,เมืองแม่ฮ่องสอน,-
625,2121,county-58020000,ขุนยวม,-
626,2122,county-58030000,ปาย,-
627,2123,county-58040000,แม่สะเรียง,-
628,2124,county-58050000,แม่ลาน้อย,-
629,2125,county-58060000,สบเมย,-
630,2126,county-58070000,ปางมะผ้า,-
631,2127,county-60010000,เมืองนครสวรรค์,-
632,2128,county-60020000,โกรกพระ,-
633,2129,county-60030000,ชุมแสง,-
634,2130,county-60040000,หนองบัว,-
635,2131,county-60050000,บรรพตพิสัย,-
636,2132,county-60060000,เก้าเลี้ยว,-
637,2133,county-60070000,ตาคลี,-
638,2134,county-60080000,ท่าตะโก,-
639,2135,county-60090000,ไพศาลี,-
640,2136,county-60100000,พยุหะคีรี,-
641,2137,county-60110000,ลาดยาว,-
642,2138,county-60120000,ตากฟ้า,-
643,2139,county-60130000,แม่วงก์,-
644,2140,county-60140000,แม่เปิน,-
645,2141,county-60150000,ชุมตาบง,-
646,2142,county-61010000,เมืองอุทัยธานี,-
647,2143,county-61020000,ทัพทัน,-
648,2144,county-61030000,สว่างอารมณ์,-
649,2145,county-61040000,หนองฉาง,-
650,2146,county-61050000,หนองขาหย่าง,-
651,2147,county-61060000,บ้านไร่,-
652,2148,county-61070000,ลานสัก,-
653,2149,county-61080000,ห้วยคต,-
654,2150,county-62010000,เมืองกำแพงเพชร,-
655,2151,county-62020000,ไทรงาม,-
656,2152,county-62030000,คลองลาน,-
657,2153,county-62040000,ขาณุวรลักษบุรี,-
658,2154,county-62050000,คลองขลุง,-
659,2155,county-62060000,พรานกระต่าย,-
660,2156,county-62070000,ลานกระบือ,-
661,2157,county-62080000,ทรายทองวัฒนา,-
662,2158,county-62090000,ปางศิลาทอง,-
663,2159,county-62100000,บึงสามัคคี,-
664,2160,county-62110000,โกสัมพีนคร,-
665,2161,county-63010000,เมืองตาก,-
666,2162,county-63020000,บ้านตาก,-
667,2163,county-63030000,สามเงา,-
668,2164,county-63040000,แม่ระมาด,-
669,2165,county-63050000,ท่าสองยาง,-
670,2166,county-63060000,แม่สอด,-
671,2167,county-63070000,พบพระ,-
672,2168,county-63080000,อุ้มผาง,-
673,2169,county-63090000,วังเจ้า,-
674,2170,county-64010000,เมืองสุโขทัย,-
675,2171,county-64020000,บ้านด่านลานหอย,-
676,2172,county-64030000,คีรีมาศ,-
677,2173,county-64040000,กงไกรลาศ,-
678,2174,county-64050000,ศรีสัชนาลัย,-
679,2175,county-64060000,ศรีสำโรง,-
680,2176,county-64070000,สวรรคโลก,-
681,2177,county-64080000,ศรีนคร,-
682,2178,county-64090000,ทุ่งเสลี่ยม,-
683,2179,county-65010000,เมืองพิษณุโลก,-
684,2180,county-65020000,นครไทย,-
685,2181,county-65030000,ชาติตระการ,-
686,2182,county-65040000,บางระกำ,-
687,2183,county-65050000,บางกระทุ่ม,-
688,2184,county-65060000,พรหมพิราม,-
689,2185,county-65070000,วัดโบสถ์,-
690,2186,county-65080000,วังทอง,-
691,2187,county-65090000,เนินมะปราง,-
692,2188,county-66010000,เมืองพิจิตร,-
693,2189,county-66020000,วังทรายพูน,-
694,2190,county-66030000,โพธิ์ประทับช้าง,-
695,2191,county-66040000,ตะพานหิน,-
696,2192,county-66050000,บางมูลนาก,-
697,2193,county-66060000,โพทะเล,-
698,2194,county-66070000,สามง่าม,-
699,2195,county-66080000,ทับคล้อ,-
700,2196,county-66090000,สากเหล็ก,-
701,2197,county-66100000,บึงนาราง,-
702,2198,county-66110000,ดงเจริญ,-
703,2199,county-66120000,วชิรบารมี,-
704,2200,county-67010000,เมืองเพชรบูรณ์,-
705,2201,county-67020000,ชนแดน,-
706,2202,county-67030000,หล่มสัก,-
707,2203,county-67040000,หล่มเก่า,-
708,2204,county-67050000,วิเชียรบุรี,-
709,2205,county-67060000,ศรีเทพ,-
710,2206,county-67070000,หนองไผ่,-
711,2207,county-67080000,บึงสามพัน,-
712,2208,county-67090000,น้ำหนาว,-
713,2209,county-67100000,วังโป่ง,-
714,2210,county-67110000,เขาค้อ,-
715,2211,county-70010000,เมืองราชบุรี,-
716,2212,county-70020000,จอมบึง,-
717,2213,county-70030000,สวนผึ้ง,-
718,2214,county-70040000,ดำเนินสะดวก,-
719,2215,county-70050000,บ้านโป่ง,-
720,2216,county-70060000,บางแพ,-
721,2217,county-70070000,โพธาราม,-
722,2218,county-70080000,ปากท่อ,-
723,2219,county-70090000,วัดเพลง,-
724,2220,county-70100000,บ้านคา,-
725,2221,county-71010000,เมืองกาญจนบุรี,-
726,2222,county-71020000,ไทรโยค,-
727,2223,county-71030000,บ่อพลอย,-
728,2224,county-71040000,ศรีสวัสดิ์,-
729,2225,county-71050000,ท่ามะกา,-
730,2226,county-71060000,ท่าม่วง,-
731,2227,county-71070000,ทองผาภูมิ,-
732,2228,county-71080000,สังขละบุรี,-
733,2229,county-71090000,พนมทวน,-
734,2230,county-71100000,เลาขวัญ,-
735,2231,county-71110000,ด่านมะขามเตี้ย,-
736,2232,county-71120000,หนองปรือ,-
737,2233,county-71130000,ห้วยกระเจา,-
738,2234,county-72010000,เมืองสุพรรณบุรี,-
739,2235,county-72020000,เดิมบางนางบวช,-
740,2236,county-72030000,ด่านช้าง,-
741,2237,county-72040000,บางปลาม้า,-
742,2238,county-72050000,ศรีประจันต์,-
743,2239,county-72060000,ดอนเจดีย์,-
744,2240,county-72070000,สองพี่น้อง,-
745,2241,county-72080000,สามชุก,-
746,2242,county-72090000,อู่ทอง,-
747,2243,county-72100000,หนองหญ้าไซ,-
748,2244,county-73010000,เมืองนครปฐม,-
749,2245,county-73020000,กำแพงแสน,-
750,2246,county-73030000,นครชัยศรี,-
751,2247,county-73040000,ดอนตูม,-
752,2248,county-73050000,บางเลน,-
753,2249,county-73060000,สามพราน,-
754,2250,county-73070000,พุทธมณฑล,-
755,2251,county-74010000,เมืองสมุทรสาคร,-
756,2252,county-74020000,กระทุ่มแบน,-
757,2253,county-74030000,บ้านแพ้ว,-
758,2254,county-75010000,เมืองสมุทรสงคราม,-
759,2255,county-75020000,บางคนที,-
760,2256,county-75030000,อัมพวา,-
761,2257,county-76010000,เมืองเพชรบุรี,-
762,2258,county-76020000,เขาย้อย,-
763,2259,county-76030000,หนองหญ้าปล้อง,-
764,2260,county-76040000,ชะอำ,-
765,2261,county-76050000,ท่ายาง,-
766,2262,county-76060000,บ้านลาด,-
767,2263,county-76070000,บ้านแหลม,-
768,2264,county-76080000,แก่งกระจาน,-
769,2265,county-77010000,เมืองประจวบคีรีขันธ์,-
770,2266,county-77020000,กุยบุรี,-
771,2267,county-77030000,ทับสะแก,-
772,2268,county-77040000,บางสะพาน,-
773,2269,county-77050000,บางสะพานน้อย,-
774,2270,county-77060000,ปราณบุรี,-
775,2271,county-77070000,หัวหิน,-
776,2272,county-77080000,สามร้อยยอด,-
777,2273,county-80010000,เมืองนครศรีธรรมราช,-
778,2274,county-80020000,พรหมคีรี,-
779,2275,county-80030000,ลานสกา,-
780,2276,county-80040000,ฉวาง,-
781,2277,county-80050000,พิปูน,-
782,2278,county-80060000,เชียรใหญ่,-
783,2279,county-80070000,ชะอวด,-
784,2280,county-80080000,ท่าศาลา,-
785,2281,county-80090000,ทุ่งสง,-
786,2282,county-80100000,นาบอน,-
787,2283,county-80110000,ทุ่งใหญ่,-
788,2284,county-80120000,ปากพนัง,-
789,2285,county-80130000,ร่อนพิบูลย์,-
790,2286,county-80140000,สิชล,-
791,2287,county-80150000,ขนอม,-
792,2288,county-80160000,หัวไทร,-
793,2289,county-80170000,บางขัน,-
794,2290,county-80180000,ถ้ำพรรณรา,-
795,2291,county-80190000,จุฬาภรณ์,-
796,2292,county-80200000,พระพรหม,-
797,2293,county-80210000,นบพิตำ,-
798,2294,county-80220000,ช้างกลาง,-
799,2295,county-80230000,เฉลิมพระเกียรติ,-
800,2296,county-81010000,เมืองกระบี่,-
801,2297,county-81020000,เขาพนม,-
802,2298,county-81030000,เกาะลันตา,-
803,2299,county-81040000,คลองท่อม,-
804,2300,county-81050000,อ่าวลึก,-
805,2301,county-81060000,ปลายพระยา,-
806,2302,county-81070000,ลำทับ,-
807,2303,county-81080000,เหนือคลอง,-
808,2304,county-82010000,เมืองพังงา,-
809,2305,county-82020000,เกาะยาว,-
810,2306,county-82030000,กะปง,-
811,2307,county-82040000,ตะกั่วทุ่ง,-
812,2308,county-82050000,ตะกั่วป่า,-
813,2309,county-82060000,คุระบุรี,-
814,2310,county-82070000,ทับปุด,-
815,2311,county-82080000,ท้ายเหมือง,-
816,2312,county-83010000,เมืองภูเก็ต,-
817,2313,county-83020000,กะทู้,-
818,2314,county-83030000,ถลาง,-
819,2315,county-84010000,เมืองสุราษฎร์ธานี,-
820,2316,county-84020000,กาญจนดิษฐ์,-
821,2317,county-84030000,ดอนสัก,-
822,2318,county-84040000,เกาะสมุย,-
823,2319,county-84050000,เกาะพะงัน,-
824,2320,county-84060000,ไชยา,-
825,2321,county-84070000,ท่าชนะ,-
826,2322,county-84080000,คีรีรัฐนิคม,-
827,2323,county-84090000,บ้านตาขุน,-
828,2324,county-84100000,พนม,-
829,2325,county-84110000,ท่าฉาง,-
830,2326,county-84120000,บ้านนาสาร,-
831,2327,county-84130000,บ้านนาเดิม,-
832,2328,county-84140000,เคียนซา,-
833,2329,county-84150000,เวียงสระ,-
834,2330,county-84160000,พระแสง,-
835,2331,county-84170000,พุนพิน,-
836,2332,county-84180000,ชัยบุรี,-
837,2333,county-84190000,วิภาวดี,-
838,2334,county-85010000,เมืองระนอง,-
839,2335,county-85020000,ละอุ่น,-
840,2336,county-85030000,กะเปอร์,-
841,2337,county-85040000,กระบุรี,-
842,2338,county-85050000,สุขสำราญ,-
843,2339,county-86010000,เมืองชุมพร,-
844,2340,county-86020000,ท่าแซะ,-
845,2341,county-86030000,ปะทิว,-
846,2342,county-86040000,หลังสวน,-
847,2343,county-86050000,ละแม,-
848,2344,county-86060000,พะโต๊ะ,-
849,2345,county-86070000,สวี,-
850,2346,county-86080000,ทุ่งตะโก,-
851,2347,county-90010000,เมืองสงขลา,-
852,2348,county-90020000,สทิงพระ,-
853,2349,county-90030000,จะนะ,-
854,2350,county-90040000,นาทวี,-
855,2351,county-90050000,เทพา,-
856,2352,county-90060000,สะบ้าย้อย,-
857,2353,county-90070000,ระโนด,-
858,2354,county-90080000,กระแสสินธุ์,-
859,2355,county-90090000,รัตภูมิ,-
860,2356,county-90100000,สะเดา,-
861,2357,county-90110000,หาดใหญ่,-
862,2358,county-90120000,นาหม่อม,-
863,2359,county-90130000,ควนเนียง,-
864,2360,county-90140000,บางกล่ำ,-
865,2361,county-90150000,สิงหนคร,-
866,2362,county-90160000,คลองหอยโข่ง,-
867,2363,county-91010000,เมืองสตูล,-
868,2364,county-91020000,ควนโดน,-
869,2365,county-91030000,ควนกาหลง,-
870,2366,county-91040000,ท่าแพ,-
871,2367,county-91050000,ละงู,-
872,2368,county-91060000,ทุ่งหว้า,-
873,2369,county-91070000,มะนัง,-
874,2370,county-92010000,เมืองตรัง,-
875,2371,county-92020000,กันตัง,-
876,2372,county-92030000,ย่านตาขาว,-
877,2373,county-92040000,ปะเหลียน,-
878,2374,county-92050000,สิเกา,-
879,2375,county-92060000,ห้วยยอด,-
880,2376,county-92070000,วังวิเศษ,-
881,2377,county-92080000,นาโยง,-
882,2378,county-92090000,รัษฎา,-
883,2379,county-92100000,หาดสำราญ,-
884,2380,county-93010000,เมืองพัทลุง,-
885,2381,county-93020000,กงหรา,-
886,2382,county-93030000,เขาชัยสน,-
887,2383,county-93040000,ตะโหมด,-
888,2384,county-93050000,ควนขนุน,-
889,2385,county-93060000,ปากพะยูน,-
890,2386,county-93070000,ศรีบรรพต,-
891,2387,county-93080000,ป่าบอน,-
892,2388,county-93090000,บางแก้ว,-
893,2389,county-93100000,ป่าพะยอม,-
894,2390,county-93110000,ศรีนครินทร์,-
895,2391,county-94010000,เมืองปัตตานี,-
896,2392,county-94020000,โคกโพธิ์,-
897,2393,county-94030000,หนองจิก,-
898,2394,county-94040000,ปะนาเระ,-
899,2395,county-94050000,มายอ,-
900,2396,county-94060000,ทุ่งยางแดง,-
901,2397,county-94070000,สายบุรี,-
902,2398,county-94080000,ไม้แก่น,-
903,2399,county-94090000,ยะหริ่ง,-
904,2400,county-94100000,ยะรัง,-
905,2401,county-94110000,กะพ้อ,-
906,2402,county-94120000,แม่ลาน,-
907,2403,county-95010000,เมืองยะลา,-
908,2404,county-95020000,เบตง,-
909,2405,county-95030000,บันนังสตา,-
910,2406,county-95040000,ธารโต,-
911,2407,county-95050000,ยะหา,-
912,2408,county-95060000,รามัน,-
913,2409,county-95070000,กาบัง,-
914,2410,county-95080000,กรงปินัง,-
915,2411,county-96010000,เมืองนราธิวาส,-
916,2412,county-96020000,ตากใบ,-
917,2413,county-96030000,บาเจาะ,-
918,2414,county-96040000,ยี่งอ,-
919,2415,county-96050000,ระแงะ,-
920,2416,county-96060000,รือเสาะ,-
921,2417,county-96070000,ศรีสาคร,-
922,2418,county-96080000,แว้ง,-
923,2419,county-96090000,สุคิริน,-
924,2420,county-96100000,สุไหงโก-ลก,-
925,2421,county-96110000,สุไหงปาดี,-
926,2422,county-96120000,จะแนะ,-
927,2423,county-96130000,เจาะไอร้อง,-
